"","Case","Elicitation","AccuracyPC","AccuracyPCAvoid","DecisionTimePC","AccuracyTV","AccuracyTVAvoid","DecisionTimeTV","AccuracyDiff","AccuracyMean","TimeSum","AttentionScore","TrainingScoreTV","TrainingScorePC","TrainingScorePref","VLATScore"
"1",1212,"ASF",1,0.2960716,100,0.9191722,0.5528605,78,0.0808278,0.9595861,1334,2,2,3,0,10
"2",1213,"OD",0.985483710578717,0.0444376666409337,184,1,0.20845413692488,216,-0.0145162894212831,0.992741855289358,1992,2,2,3,0,8
"3",1216,"OD",0.275323890642829,0.432923955759774,82,0.460384356633495,0.350176426195565,1628,-0.185060465990666,0.367854123638162,2197,2,2,2,0,0
"4",1217,"OD",0.786478666784127,0.203838092486034,102,0.982884401531788,0,43,-0.196405734747661,0.884681534157957,1568,2,2,3,0,5
"5",1218,"RF",0.7477833,0.334653,130,0.4639262,0.4548291,245,0.2838571,0.60585475,3506,2,2,1,0,5
"6",1219,"ASF",0.726858,0.8747787,175,0.7668378,0.7164768,274,-0.0399798,0.7468479,3932,2,2,3,0,7
"7",1221,"OD",0.776373511512064,0.0591768649906424,180,0.904083112779141,0.152535190565122,175,-0.127709601267077,0.840228312145603,2142,2,2,3,0,6
"8",1222,"RF",0.3387169,0.8540874,102,0.2923408,0.7422609,88,0.0463761,0.31552885,1215,2,2,3,1,7
"9",1236,"RF",0.5953729,0.2427465,39,0.7004564,0.3255032,79,-0.1050835,0.64791465,1268,2,2,2,0,11
"10",1237,"OD",0.521106336238076,0.190492066481941,63,0.720695954787283,0.0831563594240733,71,-0.199589618549207,0.620901145512679,713,2,3,3,0,11
"11",1238,"ASF",0.4008346,0.1132229,227,0.2762968,0.4659203,86,0.1245378,0.3385657,2460,2,2,2,1,8
"12",1239,"RF",0.7296357,0.8701158,335,0.7945703,0.123361,199,-0.0649346,0.762103,3061,2,2,3,1,7
"14",1241,"OD",0.31851450781564,0.0818004893508885,90,0.425300340646538,0.115683775609998,98,-0.106785832830898,0.371907424231089,910,1,2,3,0,6
"15",1244,"OD",0.595089676383655,0.135964864281871,76,0.961887378375727,0.263500262298285,103,-0.366797701992072,0.77848852737969,1207,2,3,3,0,7
"16",1245,"ASF",0.8256603,0.0368882,117,1,0.02646384,62,-0.1743397,0.91283015,1507,2,2,3,1,9
"17",1281,"ASF",0.3649959,0.8517213,111,0.6205122,0.631035,316,-0.2555163,0.49275405,3204,2,2,3,1,5
"18",1285,"OD",1,0.148434689309689,144,0.968883800805412,0.0927278138058163,217,0.0311161991945884,0.984441900402706,1725,2,2,3,0,7
"19",1286,"OD",0.908749110419605,0.174208436125438,110,0.988309541194252,0.150715019720462,61,-0.0795604307746468,0.948529325806928,1518,2,3,3,0,8
"20",1287,"ASF",0.5270337,0.4039607,98,0.2714552,0.4516983,206,0.2555785,0.39924445,2735,2,3,2,1,6
"21",1288,"RF",0,0.351847,33,0.108065,0.1739619,43,-0.108065,0.0540325,1630,1,2,3,1,5
"22",1289,"ASF",0.4613661,3.770191e-06,343,0.7912444,0.2792135,308,-0.3298783,0.62630525,2786,2,3,3,1,6
"23",1290,"RF",0.7118372,0.2680305,149,0.7645494,0.6024348,88,-0.0527122000000001,0.7381933,1707,2,2,3,1,10
"24",1291,"OD",0.517985673388951,0.0179956351626918,166,0.939031097812774,0,226,-0.421045424423823,0.728508385600863,3766,2,2,3,0,4
"25",1293,"ASF",0.9918543,0.0700004,128,0.5242149,0.2292092,149,0.4676394,0.7580346,3800,2,2,2,0,5
"26",1296,"RF",0.9877668,0.1436782,157,0.8021561,0.1406451,268,0.1856107,0.89496145,2235,2,3,3,1,8
"27",1297,"OD",0.785368353159925,0.264460942557035,80,0.724186264382065,0,77,0.0611820887778599,0.754777308770995,1285,2,2,2,0,5
"28",1298,"RF",0.8481219,0.522579,174,0.3340835,0.7075903,176,0.5140384,0.5911027,2270,2,2,3,1,8
"29",1299,"OD",0.745833393646686,0.539645097290061,87,0.823524482797193,0.586517342500983,151,-0.0776910891505069,0.78467893822194,1402,2,2,3,0,7
"30",1300,"RF",0.8738763,0.4880024,57,0.5594518,0.6363347,84,0.3144245,0.71666405,1367,1,2,2,0,5
"31",1301,"RF",0.6674725,0.4298568,79,0,0.8360292,56,0.6674725,0.33373625,1342,2,3,3,1,7
"32",1302,"OD",0.636629534077177,0.328228889043775,108,0.628057390631127,0.290159198492078,127,0.00857214344605062,0.632343462354152,1766,2,2,3,0,6
"33",1304,"RF",0.6339859,0.8619997,123,0.7976077,0.6063748,127,-0.1636218,0.7157968,1947,2,3,3,0,7
"34",1305,"OD",1,0,104,0.890291888219612,0.543666570723361,114,0.109708111780388,0.945145944109806,1517,2,3,3,0,10
"35",1306,"RF",0.3392791,0.3930372,84,0.5779611,0.9090658,79,-0.238682,0.4586201,1793,2,2,2,1,6
"36",1308,"ASF",0.8600558,0.3581898,104,0.8594894,0.1689264,67,0.000566400000000078,0.8597726,1539,2,2,3,0,5
"37",1309,"ASF",0.7966285,0.3299645,99,0.906891,0.3818335,117,-0.1102625,0.85175975,1930,2,2,2,1,5
"38",1310,"ASF",0.9867052,0.3700824,179,0.6101657,0.6166758,80,0.3765395,0.79843545,2172,2,2,2,0,6
"39",1313,"OD",0.640334675711068,0.12205425012537,271,0.855309471089597,0.136471796166238,158,-0.21497479537853,0.747822073400332,1610,2,3,3,0,6
"40",1316,"ASF",0.4012223,0.1883535,75,0.1967451,0.4966761,52,0.2044772,0.2989837,2280,2,1,1,0,4
"41",1317,"RF",0.862927,0.1521395,99,0.585384,0.1488726,111,0.277543,0.7241555,1550,2,2,3,0,6
"42",1318,"RF",0.275302,0.6484787,313,0.3885532,0.3014532,66,-0.1132512,0.3319276,1912,2,2,2,1,5
"43",1319,"OD",0.877923665378451,0.435366161516864,161,0.60930767197384,0.451653474147487,119,0.268615993404611,0.743615668676145,1852,2,3,2,0,7
"44",1320,"OD",0.822674551377004,0.179576866515816,235,1,0.270641819125764,167,-0.177325448622996,0.911337275688502,1710,2,3,3,0,7
"45",1321,"ASF",1,0.0984721,326,1,0.1414528,189,0,1,3160,2,2,3,0,8
"46",1322,"OD",0.979912442174254,0.341642776861653,70,0.912318673194274,0.448002227881369,54,0.0675937689799797,0.946115557684264,1226,2,2,3,0,5
"47",1323,"ASF",0.9290701,0.1394238,256,0.8959864,0.3222473,167,0.0330837,0.91252825,2507,1,2,3,1,8
"48",1324,"ASF",0.6036981,0.8843828,145,1,0.2096343,173,-0.3963019,0.80184905,2630,2,0,0,1,4
"49",1325,"ASF",0.8147033,0.605635,155,0.7555243,0.5759121,207,0.059179,0.7851138,2121,2,3,3,1,6
"50",1326,"OD",0.781704541560719,0.586286234959942,127,0.73897829544725,0.283079480918737,126,0.0427262461134694,0.760341418503984,1565,2,1,2,0,6
"51",1327,"OD",0.3000297589882,0.193966730743381,132,0.54920544297734,0,115,-0.24917568398914,0.42461760098277,2087,2,2,3,0,5
"52",1328,"OD",0.799760673598085,0.24449551927182,69,0.889978812573224,0.136278377772975,70,-0.0902181389751388,0.844869743085655,864,2,2,3,0,9
"53",1329,"OD",0.373310536682173,0.535947973948448,205,0.627372884588825,0.31758544595283,89,-0.254062347906652,0.500341710635499,1598,2,1,2,0,8
"54",1330,"ASF",0.5719905,0.4756661,50,0.5448499,0.7502944,74,0.0271406,0.5584202,1143,2,2,0,0,8
"55",1331,"ASF",0.6673739,0.7730557,75,0.8457953,0.2452472,64,-0.1784214,0.7565846,1727,2,2,2,0,5
"56",1332,"OD",0.909338434910164,0.691015328007594,474,0.919056653946635,0.673621845272214,506,-0.0097182190364713,0.914197544428399,3695,2,1,2,0,6
"57",1333,"OD",0.768695205711047,0.350906468931995,46,0.686178745509537,0.637998280284909,49,0.0825164602015107,0.727436975610292,829,2,2,0,0,6
"58",1334,"OD",0.826687291632982,0.356971270089451,371,0.745388356259919,0.634131104937389,192,0.0812989353730624,0.786037823946451,2431,2,2,3,0,9
"59",1335,"ASF",0.4998603,0.8985869,48,0.06107993,0.1479781,20,0.43878037,0.280470115,2650,2,2,2,1,2
"60",1338,"RF",0.8646342,0.3953982,257,0.68166,0.4371595,196,0.1829742,0.7731471,3407,2,2,2,0,6
"61",1339,"RF",0.7039403,0.4221443,194,0.4811998,0.5142134,117,0.2227405,0.59257005,2076,2,2,2,0,9
"62",1340,"RF",0.8025681,0.240675,158,1,0,113,-0.1974319,0.90128405,1523,2,2,3,1,10
"63",1341,"RF",0.5447317,0.3300494,80,0.9343259,0.2426277,82,-0.3895942,0.7395288,1451,2,2,3,0,5
"65",1343,"OD",0.558542154368375,0.33716763090953,138,0.764224873480937,0.291448413696949,69,-0.205682719112562,0.661383513924656,1670,2,3,2,0,5
"66",1344,"ASF",0.7754157,0.1462765,149,0.2334494,0.3141634,50,0.5419663,0.50443255,3862,2,3,2,1,3
"67",1346,"OD",0.552462769014062,0.271561867795997,228,0.674497035400505,0.546246143552784,151,-0.122034266386443,0.613479902207283,1981,2,3,3,0,7
"68",1347,"RF",0.5917623,0.3885549,67,0.5020999,0.7968617,69,0.0896623999999999,0.5469311,2523,2,3,2,0,4
"69",1348,"RF",0.6514065,0.6993757,108,0.2704062,0.2150261,86,0.3810003,0.46090635,2674,2,2,1,0,5
"70",1349,"RF",0.760031,0.6711603,107,0.7651356,0.4401008,81,-0.00510460000000001,0.7625833,1449,2,2,3,1,10
"71",1350,"OD",0.911206562821884,0.176106886155434,216,0.445571939451074,0.547891478681301,254,0.465634623370811,0.678389251136479,2211,2,3,3,0,6
"72",1351,"OD",0.90347303666434,0.620057340225708,49,0.670263110632575,0.185303831844852,139,0.233209926031765,0.786868073648458,1950,2,2,0,0,5
"74",1353,"ASF",0.5683092,0.01208627,115,0.65825,0.1271749,54,-0.0899408,0.6132796,1012,2,3,3,1,5
"75",1354,"OD",0.539776331668174,0.54729317585839,107,0.811853049587124,0.219165035232829,221,-0.27207671791895,0.675814690627649,2066,2,0,2,0,4
"76",1355,"ASF",0.9290315,0.02812646,109,1,0,63,-0.0709685,0.96451575,1449,2,3,3,1,9
"77",1356,"OD",0.596723683230169,0.35729895397874,115,0.494744247365613,0.519535520481924,158,0.101979435864556,0.545733965297891,1921,2,3,3,0,7
"78",1357,"ASF",0.4223118,0.6239256,123,0.27339,0.2357414,121,0.1489218,0.3478509,2457,2,2,2,0,6
"79",1358,"ASF",0.5423501,0.7873373,131,0.3269532,0.2616583,104,0.2153969,0.43465165,2619,2,3,3,1,6
"80",1361,"ASF",0.7794299,0.660109,253,1,0,129,-0.2205701,0.88971495,2226,2,2,3,1,7
"81",1363,"RF",1,0.2130955,235,0.6285021,0.03557548,164,0.3714979,0.81425105,2023,2,3,3,1,7
"82",1364,"OD",0.518184975339102,0.113233766102562,114,0.263801789020647,0.51739259594898,128,0.254383186318455,0.390993382179875,1898,2,2,3,0,4
"83",1365,"RF",0.06074062,0.1709709,61,0.7043085,0.3462783,44,-0.64356788,0.38252456,775,2,2,1,1,7
"84",1367,"ASF",0.8573002,0.1049632,197,0.405859,0.7193232,252,0.4514412,0.6315796,3471,2,2,2,0,7
"85",1368,"ASF",0.43547,0,260,0.212917,0.1146968,46,0.222553,0.3241935,4135,2,2,2,1,2
"86",1370,"ASF",0.5503163,0.3007814,101,0.6472557,0.4997449,52,-0.0969394,0.598786,1804,2,3,1,0,8
"87",1371,"ASF",0.5811046,0.6019599,82,0.5487284,0.5954726,44,0.0323762,0.5649165,3076,2,2,2,0,5
"88",1373,"RF",0.9338985,0.4171869,236,0.9821272,0.04876822,381,-0.0482287,0.95801285,4375,2,2,2,1,6
"89",1374,"ASF",0.4633842,0.2691361,94,0.558733,0.1500701,55,-0.0953488,0.5110586,1550,2,2,2,1,7
"90",1375,"ASF",0.8600491,0.6988878,106,1,0.4431475,78,-0.1399509,0.93002455,1629,2,3,3,1,7
"91",1376,"RF",0.7854437,0.4033352,273,0.9216748,0.3143632,175,-0.1362311,0.85355925,1928,2,3,3,1,9
"92",1377,"OD",0.893626593995396,0.513365730637834,155,0.761742406272274,0.465674416054384,100,0.131884187723122,0.827684500133835,2127,2,3,3,0,3
"93",1378,"ASF",0.455906,0.5033817,174,0.5524572,0.7555575,22,-0.0965512,0.5041816,1665,2,1,0,0,2
"94",1379,"OD",1,0.273906913529721,186,1,0,79,0,1,1291,2,3,3,0,8
"95",1381,"OD",0.339502931953527,0.354291466545502,94,0.481889636357426,0.514252309144126,86,-0.142386704403899,0.410696284155477,1506,2,1,1,0,0
"96",1382,"OD",0.61326035202132,0.547430707285552,92,0.614785659846297,0,199,-0.00152530782497717,0.614023005933808,2874,2,2,2,0,0
"97",1383,"ASF",0.7591578,0.3542019,95,0.8721769,0.1165423,120,-0.1130191,0.81566735,1548,2,2,3,1,5
"98",1384,"OD",0.759418337322496,0.219348581434121,224,0.722415348944417,0.257190745377372,529,0.037002988378079,0.740916843133457,2600,2,2,2,0,6
"99",1385,"ASF",0.9380409,0.5100927,287,1,0.4725145,109,-0.0619591,0.96902045,3187,2,2,2,1,4
"100",1386,"ASF",1,0.2370652,289,0.9428938,0.7708883,189,0.0571062,0.9714469,2750,2,2,3,0,7
"101",1389,"ASF",0.9453105,0.6037042,386,0.6282804,0.7011018,132,0.3170301,0.78679545,3289,2,2,2,0,5
"102",1390,"OD",0.37810008186583,0.59213365554434,68,0.741090476706057,0.360387427671313,120,-0.362990394840226,0.559595279285943,1234,2,2,1,0,7
"103",1391,"ASF",0.7200763,0.6327895,93,0.5804051,0.9331098,95,0.1396712,0.6502407,2413,2,2,2,0,6
"104",1392,"RF",0.6042979,0.6044973,102,0.5716357,0.06948193,125,0.0326622000000001,0.5879668,1526,1,3,3,0,8
"105",1393,"ASF",0.5710778,0.09603643,71,0.3791919,0.6404042,108,0.1918859,0.47513485,2851,2,2,2,0,3
"107",1395,"OD",0.78370821193667,0.104550051207568,197,0.550709283938142,0.2087037775991,222,0.232998927998528,0.667208747937406,1850,2,2,3,0,7
"108",1396,"RF",0.8030746,0.1817501,215,1,0.3865757,105,-0.1969254,0.9015373,1270,2,3,3,1,10
"109",1399,"ASF",0.8502357,0.3627632,118,0.8531097,0.08987793,108,-0.00287399999999993,0.8516727,1651,2,2,3,0,9
"110",1400,"RF",0.6458402,0.4782487,164,0.6022851,0.05428077,219,0.0435551,0.62406265,2796,2,2,2,0,7
"111",1401,"OD",0.93402963975265,0.186877264945684,94,0.526404224912001,0.287584149235942,78,0.407625414840649,0.730216932332326,950,2,3,3,0,9
"112",1403,"ASF",0.8449167,0.3554288,326,0.8460477,0.2821962,137,-0.00113099999999999,0.8454822,3121,2,2,3,1,7
"113",1404,"OD",0.64532001167165,0.465774656880939,101,0.994765519157916,0.450857024536566,75,-0.349445507486266,0.820042765414783,944,2,2,3,0,7
"114",1405,"ASF",0.5639665,0.2990511,67,0.5832654,0,53,-0.0192989,0.57361595,3078,2,2,2,0,3
"116",1407,"ASF",0.999868,0.4346465,116,1,0.03846008,113,-0.000132000000000021,0.999934,1582,1,2,2,1,8
"117",1408,"ASF",0.5122777,0.8276249,119,0.6844611,0,78,-0.1721834,0.5983694,3152,2,2,3,0,5
"118",1409,"ASF",0.4340676,0.5631046,156,0.1804781,0.7455753,148,0.2535895,0.30727285,2748,1,3,2,1,6
"119",1410,"RF",0.2472159,0.1117909,15,0.88633,0.5060799,50,-0.6391141,0.56677295,834,2,1,1,0,8
"120",1411,"ASF",0.9988261,0.2817517,127,0.6426118,0.7359,106,0.3562143,0.82071895,1837,2,3,3,1,9
"121",1413,"RF",0.853334,0,202,1,0.0645813,176,-0.146666,0.926667,2373,2,2,3,1,9
"122",1414,"OD",0.305811389108779,0.551293295826838,117,0.601681439886184,0,59,-0.295870050777405,0.453746414497482,1191,2,2,3,0,6
"123",1415,"ASF",0.6538173,0.3084133,150,0.8884546,0.3657788,86,-0.2346373,0.77113595,2288,2,3,3,1,8
"124",1416,"OD",0.673332179128773,0.8116366228562,106,0.11643560514928,0.376318905983081,100,0.556896573979493,0.394883892139027,2198,2,2,3,0,5
"125",1417,"RF",0.7930501,0.1844363,78,0.4971867,0.3473917,177,0.2958634,0.6451184,2036,2,2,3,0,8
"126",1418,"ASF",0.3185857,0.5171697,148,0.7386456,0.315079,43,-0.4200599,0.52861565,2306,2,1,1,1,1
"127",1419,"ASF",0.3171019,0.5192266,238,0.3113306,0.728547,156,0.00577129999999998,0.31421625,3443,2,2,3,0,3
"128",1424,"OD",0.409114483976575,0.421314276966836,220,0.503294826582351,0.401761444235464,239,-0.0941803426057761,0.456204655279463,1631,2,3,3,0,10
"129",1425,"OD",0.316997095538984,0.335995144225824,147,0.833439693559535,0,272,-0.516442598020551,0.575218394549259,1669,2,3,3,0,7
"130",1426,"OD",0.328217871701257,0,286,0.696233220293469,0.134567073567371,378,-0.368015348592212,0.512225545997363,2109,2,3,3,0,8
"131",1428,"RF",0.6823632,0.05945536,232,0.7361698,0.8315566,167,-0.0538066,0.7092665,2569,2,3,3,1,5
"132",1429,"OD",0.650384619096637,0,169,0.900555821160844,0.0723801308701772,56,-0.250171202064208,0.775470220128741,1151,2,2,2,0,8
"133",1430,"RF",0.5687029,0.3101252,64,0.4390692,0.6978489,182,0.1296337,0.50388605,1616,2,2,3,0,5
"134",1431,"ASF",0.8624663,0.1466073,259,0.5634326,0.4295004,255,0.2990337,0.71294945,3665,2,2,2,0,7
"135",1434,"OD",0.938722656009377,0.511538894714938,124,0.441597711868338,0.255091693959178,157,0.497124944141039,0.690160183938857,2533,2,3,3,0,3
"136",1435,"OD",0.40587414957716,0.857377815411699,230,0.443644790925496,0.632396755568888,259,-0.0377706413483358,0.424759470251328,3367,2,2,2,0,2
"137",1436,"ASF",0.7520038,0.08677915,142,0.8712385,0.6288342,92,-0.1192347,0.81162115,1792,2,2,3,0,8
"138",1438,"RF",0.3686559,0.5343413,251,0.7304308,0.7839856,215,-0.3617749,0.54954335,2853,1,2,3,0,5
"139",1439,"OD",0.838967577492992,0.187175907963281,128,0.591022210051738,0.04370274762477,222,0.247945367441255,0.714994893772365,2814,2,2,3,0,7
"140",1441,"OD",0.990177614217491,0.146761326338596,314,0.934743214052302,0,193,0.0554344001651886,0.962460414134897,1706,2,2,3,0,8
"141",1442,"OD",0.968194184475315,0,97,0.970285434246096,0,107,-0.00209124977078079,0.969239809360705,1256,2,2,2,0,5
"142",1443,"ASF",0,0.5407266,27,0.6354002,0.7460918,28,-0.6354002,0.3177001,1569,2,2,1,1,5
"143",1444,"OD",0.799267561601122,0.587308273255756,145,0.779910558118071,0.671238270860651,74,0.0193570034830506,0.789589059859596,2237,2,2,3,0,7
"144",1445,"RF",0.5026147,0.4317339,218,0.5193421,0.1651058,180,-0.0167274000000001,0.5109784,4100,2,2,2,0,3
"145",1446,"OD",0.967926207113586,0.130198089714813,152,0.88297400493069,0,214,0.0849522021828965,0.925450106022138,1725,2,2,3,0,8
"146",1448,"ASF",0.9855374,0.3414976,112,0.881349,0.4993691,89,0.1041884,0.9334432,1571,2,2,3,1,10
"147",1449,"RF",1,0.3568817,237,1,0.198575,127,0,1,1821,2,2,3,0,6
"148",1451,"OD",0.586885323386703,0.51671592438729,294,0.24866025305559,0.563993134202916,167,0.338225070331113,0.417772788221147,1543,2,2,3,0,6
"149",1452,"OD",0.560784508283447,0.21721038929941,532,0.73562508875758,0,273,-0.174840580474133,0.648204798520513,3648,2,1,0,0,1
"150",1454,"ASF",0,0.4830301,40,0.4424632,0.5177909,56,-0.4424632,0.2212316,1796,2,2,2,1,0
"151",1455,"RF",0.8653567,0.4088697,158,0.8893944,0.6334772,36,-0.0240377,0.87737555,3870,1,2,2,1,3
"152",1456,"RF",0.860359,0.5407619,147,0.5444879,0.10475,106,0.3158711,0.70242345,2732,2,2,2,0,6
"153",1457,"RF",0.5827842,0.87138,70,0.7397365,0.816206,97,-0.1569523,0.66126035,2707,2,2,2,0,4
"154",1458,"ASF",0.4548675,0.8672999,226,0.5859071,0.4828842,81,-0.1310396,0.5203873,2492,1,2,2,0,6
"155",1459,"RF",0.7166522,0.6713567,130,0.7705499,0.7559405,215,-0.0538977,0.74360105,1744,2,2,3,1,7
"156",1460,"RF",0.4355645,0.6599134,223,0.01363978,0.1545658,111,0.42192472,0.22460214,3350,2,2,2,1,0
"157",1461,"ASF",0.7474731,0.1791587,187,0.4080343,0.5073832,64,0.3394388,0.5777537,1365,2,3,3,0,6
"159",1464,"RF",0.5875133,0.2499342,226,0.4366423,0.7050173,170,0.150871,0.5120778,2285,2,2,3,1,7
"160",1465,"OD",0.185156657366946,0.582736653237751,172,0.712051024225767,1,168,-0.52689436685882,0.448603840796357,2903,2,3,3,0,4
"161",1467,"ASF",0.8343418,0.2721793,108,0.7563346,0.4856885,138,0.0780072,0.7953382,1370,2,2,1,0,7
"162",1469,"RF",0.8095054,0.8610942,188,0.6315235,0.7288675,240,0.1779819,0.72051445,3602,2,2,2,1,3
"163",1470,"RF",0.1236182,0.07853144,144,0.2945466,0.5316061,75,-0.1709284,0.2090824,2812,2,2,3,0,4
"164",1471,"ASF",0.7028512,0.2628774,120,0.54853,0.09480348,75,0.1543212,0.6256906,1610,2,2,2,1,5
"165",1473,"OD",0.360148102630872,1,182,0.753580466366466,0.470894295845458,139,-0.393432363735594,0.556864284498669,2455,2,2,1,0,3
"166",1474,"ASF",0.6975807,0.4009327,173,0.8716067,0.2125259,192,-0.174026,0.7845937,4232,2,2,2,1,4
"168",1476,"ASF",1,0.6050906,138,0.6237257,0.7184586,95,0.3762743,0.81186285,2254,2,2,2,0,6
"169",1477,"RF",0.7412739,0.5808078,143,0.8424677,0.5668145,132,-0.1011938,0.7918708,1913,2,2,3,1,8
"170",1478,"ASF",1,0.4891137,77,0.656604,0.3318508,21,0.343396,0.828302,1252,2,3,2,1,3
"171",1480,"OD",0.543594671521531,0.18732449277109,680,0.640975491150761,0.587820005952025,256,-0.0973808196292301,0.592285081336146,3761,2,3,3,0,7
"172",1481,"ASF",0.8860931,0.5481269,151,0.731393,0.4742054,135,0.1547001,0.80874305,1573,2,3,3,1,6
"173",1482,"ASF",0.8733788,0.7140933,107,1,0.4897264,160,-0.1266212,0.9366894,2375,2,2,3,0,8
"174",1483,"OD",0.995128373409623,0.36316357191783,292,0.882206195479639,0.157438911626464,500,0.112922177929984,0.938667284444631,2816,2,2,3,0,8
"175",1484,"ASF",0.7423373,0.4564476,214,0.7039963,0.1920578,116,0.038341,0.7231668,1977,2,3,3,1,8
"176",1485,"OD",0.73297474769488,0.618073006362822,57,0.948055150795163,0.634097754408839,154,-0.215080403100283,0.840514949245022,1561,2,2,2,0,5
"177",1486,"OD",0,0.30683808887267,139,0.559894779001019,0.602916214722975,98,-0.559894779001019,0.279947389500509,2547,2,2,2,0,7
"178",1489,"RF",0.5264063,0.3461876,133,0.6163617,0.6004629,141,-0.0899554,0.571384,3920,2,3,3,0,3
"179",1491,"RF",0.770232,1,378,0.7204881,0.6653643,308,0.0497439000000001,0.74536005,2701,2,3,3,1,9
"180",1493,"OD",0.408800833455768,0.409283696598513,57,0.293948757479132,0.518275086618878,64,0.114852075976635,0.35137479546745,1406,2,1,1,0,3
"181",1494,"RF",0.5984907,0.2467061,114,0.689422,0.2084345,200,-0.0909312999999999,0.64395635,3221,2,2,3,0,3
"182",1495,"RF",0.6678364,0.9696251,63,0.09247911,0.476967,45,0.57535729,0.380157755,1819,2,2,3,1,4
"183",1497,"OD",0.857819451908965,0.271415983543279,291,0.849496259940811,0.472098413665646,174,0.00832319196815456,0.853657855924888,1763,2,3,3,0,8
"184",1498,"OD",0.362490860789825,0.272837661633802,880,0.141468654807329,0.314575166934896,338,0.221022205982496,0.251979757798577,2517,2,2,2,0,7
"185",1500,"RF",1,0.6916959,522,0.7275875,0.266751,395,0.2724125,0.86379375,3046,2,3,3,0,7
"186",1501,"RF",0.9716777,0.2847477,576,1,0.4737044,291,-0.0283223,0.98583885,2493,2,2,3,1,9
"187",1502,"OD",0.674094477895255,0.394091009381462,184,0.727564701253389,0.174964443007231,186,-0.0534702233581333,0.700829589574322,2138,2,2,3,0,7
"188",1503,"RF",1,0,176,0.6195014,0.3966662,110,0.3804986,0.8097507,2051,2,3,3,1,7
"189",1504,"RF",0.5370863,0.4473649,338,0.5578008,0.7768847,249,-0.0207145,0.54744355,2830,2,2,3,0,4
"190",1506,"ASF",0.5744572,0.3088936,166,0.448955,0.305331,115,0.1255022,0.5117061,3992,2,1,2,0,4
"191",1508,"RF",0.8830377,0.6822723,101,0.803589,0.4571687,128,0.0794487,0.84331335,1381,2,2,2,1,11
"192",1509,"OD",0.687654068192215,0.239785174915284,411,0.72302253034249,0.156613774907933,174,-0.0353684621502756,0.705338299267352,1519,2,2,3,0,8
"193",1510,"ASF",1,0.2267256,210,0.6143463,0,168,0.3856537,0.80717315,2467,2,1,3,1,9
"194",1511,"RF",0.5793856,0.4370877,76,0.8963864,0.3484748,52,-0.3170008,0.737886,2483,2,2,3,0,6
"195",1517,"ASF",0.7807211,0.4428032,248,0.8394272,0.2132128,112,-0.0587061000000001,0.81007415,1696,2,2,3,1,11
"196",1518,"OD",0.878627497986216,0.534048465071578,337,0.914984979970328,0.412201655845431,139,-0.0363574819841118,0.896806238978272,2119,2,2,2,0,3
"197",1520,"RF",1,0.1813717,254,0.8913482,0.6830518,200,0.1086518,0.9456741,2035,2,2,3,1,9
"198",1521,"OD",0.308515319517227,0.351416374841382,104,0.868572934961978,0.326678035900386,108,-0.560057615444751,0.588544127239602,1274,2,2,3,0,7
"199",1522,"RF",1,0,177,0.8734193,0.519722,222,0.1265807,0.93670965,2791,2,2,3,1,8
"200",1523,"RF",0.3471385,0.6856518,55,0.5623356,0.625084,52,-0.2151971,0.45473705,2767,2,2,3,1,4
"201",1524,"RF",0.7722473,1,213,0.6942648,0.2411034,177,0.0779825,0.73325605,3409,2,2,3,0,7
"202",1525,"RF",0.2911589,0.5140992,59,0.08044542,0.912907,118,0.21071348,0.18580216,2507,2,2,2,0,4
"203",1526,"OD",0.77358462514333,0.338370420160559,221,0.816595154174397,0.101593240566214,170,-0.0430105290310667,0.795089889658863,2210,2,3,3,0,7
"204",1527,"OD",0.501420953850983,0,48,0.391030627046878,0.733948575291969,81,0.110390326804104,0.446225790448931,1371,2,2,1,0,4
"205",1528,"ASF",0.9186145,0.1712382,82,0.8625333,0,45,0.0560812000000001,0.8905739,1161,2,3,3,1,8
"206",1529,"OD",0.896230369623555,0.210328959062429,220,0.790594458143993,0.210869255204942,251,0.105635911479562,0.843412413883774,3119,2,3,2,0,1
"207",1530,"ASF",0.8467626,0.5510162,112,0.3801953,0.3354716,212,0.4665673,0.61347895,3996,2,2,3,0,6
"208",1531,"OD",0.388285896597654,0.403030691174466,208,0.867677277991705,0.370962166847101,100,-0.479391381394052,0.62798158729468,1409,2,2,2,0,8
"209",1533,"ASF",0.6394639,0.633758,91,0.9197221,0.440253,68,-0.2802582,0.779593,1791,2,2,2,0,6
"210",1534,"OD",0.825710387272986,0.124645741353192,266,0.550051778087621,0.0494040881398857,187,0.275658609185364,0.687881082680303,2173,2,3,3,0,4
"211",1535,"ASF",0.5109013,0.2919955,43,0.7049129,0.6304881,53,-0.1940116,0.6079071,1823,2,0,0,0,3
"212",1536,"RF",0.9465105,0.5832233,138,0.4380367,0.2371315,278,0.5084738,0.6922736,3063,2,2,2,0,2
"213",1539,"OD",0.121153720225891,0.363154367672181,107,0.595895075700467,0.125467115892135,67,-0.474741355474576,0.358524397963179,1385,2,2,3,0,10
"214",1540,"ASF",0.7676493,0.319251,32,0.7064518,0.6469072,87,0.0611975,0.73705055,2440,2,2,0,0,6
"215",1541,"RF",0.9805976,0.7878544,228,0.8800684,1,214,0.1005292,0.930333,3143,2,3,3,1,7
"216",1543,"OD",0.588201074128045,0.365230423261581,207,0.338566230111592,0.444365869531892,156,0.249634844016452,0.463383652119818,2117,2,2,0,0,5
"217",1544,"ASF",0.6302152,0.2005331,210,1,0.4670574,96,-0.3697848,0.8151076,2843,2,2,2,0,5
"218",1545,"OD",0.423825991268514,0.689998432829797,121,0.940566210499324,0.158906838154997,103,-0.51674021923081,0.682196100883919,1037,2,2,3,0,8
"219",1546,"RF",0.820235,0.3515285,72,0.872878,0.2137183,157,-0.052643,0.8465565,1520,2,2,2,1,8
"220",1547,"RF",1,0.3364884,163,1,0.07001711,216,0,1,1710,2,2,3,1,8
"221",1548,"RF",0.4192533,0.5985982,132,0.2282209,0.4709984,97,0.1910324,0.3237371,1950,2,0,2,0,5
"222",1550,"RF",1,0.2395291,151,0.5347765,0.2228867,176,0.4652235,0.76738825,1468,2,3,3,1,9
"223",1551,"ASF",0.1525323,0.363786,182,0.5145857,0.41327,89,-0.3620534,0.333559,2077,2,2,3,1,9
"224",1552,"OD",0.779867514606786,0.231554168366321,69,0.408693348975744,0.232232300743219,360,0.371174165631042,0.594280431791265,1373,2,2,3,0,9
"225",1554,"ASF",0.8822047,0.02763726,120,0.9820957,0,84,-0.0998910000000001,0.9321502,1285,2,3,3,0,8
"226",1555,"RF",0.9119838,0.4160869,115,1,0.578953,113,-0.0880162,0.9559919,1468,2,2,3,1,9
"227",1556,"OD",0.891169131306119,0,207,0.833568870170115,0,147,0.0576002611360039,0.862369000738117,2091,2,3,3,0,9
"228",1558,"ASF",0.4905954,0.2961027,172,0.6137139,0.129813,180,-0.1231185,0.55215465,2682,2,2,2,0,3
"229",1559,"OD",0.418364294110778,0.431440727777329,479,0.343336075317143,0.34688138755984,161,0.0750282187936356,0.38085018471396,2318,2,2,3,0,8
"231",1562,"RF",0.8453985,0.2961785,254,0.3174052,0.4039408,144,0.5279933,0.58140185,4400,2,2,2,1,7
"232",1563,"OD",0.84456277876874,0.191758205404821,105,0.928630371148208,0.675331342871983,68,-0.0840675923794676,0.886596574958474,1147,2,3,3,0,6
"233",1564,"ASF",0.533523,0.4245606,498,0.6949607,0.3580373,329,-0.1614377,0.61424185,4173,2,3,3,0,6
"234",1566,"OD",0.550181488875933,0.117964730616997,354,0.689947950845636,0.653928182589081,567,-0.139766461969703,0.620064719860784,2634,2,3,3,0,6
"235",1568,"ASF",0.6912052,0.5989008,86,0.1740209,1,48,0.5171843,0.43261305,1569,2,3,3,0,6
"236",1569,"OD",0.522453785517841,0.0761611490764616,113,0.647014249597782,0.37041400534863,87,-0.12456046407994,0.584734017557811,1450,2,2,0,0,5
"237",1570,"OD",0.8930237433925,0.332999890552625,302,1,0.371036711723945,143,-0.1069762566075,0.94651187169625,2854,2,3,3,0,7
"238",1571,"ASF",0.5253253,0.4003369,401,1,0.7986695,87,-0.4746747,0.76266265,3266,2,2,2,0,6
"239",1572,"ASF",0.6927592,0.1262667,85,0.8152242,0.2797639,166,-0.122465,0.7539917,2401,2,2,2,0,4
"240",1573,"RF",0.9036835,0.3517394,207,0.7292365,0.4016252,134,0.174447,0.81646,2361,2,2,3,1,9
"241",1575,"RF",0.8993952,0.6754885,120,0.9087391,0.5514633,117,-0.00934390000000007,0.90406715,2029,2,2,3,0,8
"242",1577,"ASF",0.7062274,0.418409,343,0.561113,0.08852299,272,0.1451144,0.6336702,3305,2,2,1,0,6
"243",1579,"ASF",0.7233319,0.09788281,215,1,0.04178866,148,-0.2766681,0.86166595,2100,2,3,3,1,8
"244",1580,"ASF",0.9577702,0.2314586,210,0.822149,0.3255884,174,0.1356212,0.8899596,2002,2,3,3,1,10
"245",1582,"RF",0.4768241,0.2982674,49,0.8818384,0.4335453,74,-0.4050143,0.67933125,993,2,2,2,1,9
"246",1583,"RF",0.9062963,0.1273171,114,0.9201946,0.2131209,140,-0.0138982999999999,0.91324545,1424,2,2,3,1,8
"247",1584,"ASF",0.7608991,0.1976722,74,0.8158486,0.5948028,37,-0.0549495,0.78837385,2149,2,0,1,0,5
"248",1585,"ASF",0.9687815,0.3132899,329,0.8436701,0.5435526,139,0.1251114,0.9062258,3436,2,3,3,1,9
"249",1586,"RF",0.9768173,0.03659846,104,0.7639324,0.2343716,89,0.2128849,0.87037485,1455,2,3,3,1,8
"250",1587,"RF",0.9231824,0.2682145,149,0.9978434,0.08291456,121,-0.0746610000000001,0.9605129,2374,2,2,2,1,5
"251",1588,"RF",0.795772,0.5602037,159,0.4461558,0.08967432,230,0.3496162,0.6209639,2606,2,3,3,1,3
"252",1589,"ASF",0.6462018,0,163,0.3806466,0.3139854,102,0.2655552,0.5134242,3127,2,3,3,0,7
"253",1592,"ASF",0.8283567,0.4114353,123,0.7390009,0.7286869,138,0.0893558,0.7836788,2460,2,2,2,0,5
"254",1593,"RF",0.8001596,0.3793176,151,0.645363,0.4710067,113,0.1547966,0.7227613,1596,2,3,3,0,8
"255",1594,"OD",0.773015277468393,0,121,0.833338784379677,0.26940758926232,115,-0.060323506911284,0.803177030924035,1211,2,3,3,0,8
"256",1595,"ASF",0.9749655,0.2033682,138,0.8169943,0.1265689,95,0.1579712,0.8959799,1880,2,3,2,0,6
"257",1597,"ASF",0.9912837,0.9452825,69,0.4831659,0.8246528,137,0.5081178,0.7372248,2129,2,2,2,0,3
"258",1598,"RF",0.7256952,0.7161177,767,0.4094314,0.09100421,84,0.3162638,0.5675633,1708,2,3,3,1,9
"261",1601,"RF",0.5906541,0.7262704,84,0.4373484,0.4943489,85,0.1533057,0.51400125,2960,2,2,1,0,4
"262",1602,"RF",0.5412809,0.6130539,155,0.8752228,0.9138188,112,-0.3339419,0.70825185,1755,2,2,2,1,9
"263",1603,"RF",0.8222312,0.5435717,82,0.6918786,1,131,0.1303526,0.7570549,1786,2,3,3,1,9
"264",1604,"OD",0.294232118417415,0.749715764086557,181,0.285236684072507,0.540791173960937,325,0.00899543434490785,0.289734401244961,2318,2,3,2,0,6
"265",1605,"OD",0.131410272638037,0.731639070538296,100,0.45473289495175,0.749659269756381,65,-0.323322622313713,0.293071583794894,1920,2,2,2,0,6
"266",1607,"ASF",0.5594761,0.289003,95,0.6762999,0.3693237,126,-0.1168238,0.617888,2344,2,2,2,0,6
"267",1609,"RF",0.9666559,0.2089965,438,1,0.2636011,255,-0.0333441,0.98332795,2777,2,3,3,1,9
"268",1610,"RF",0,0.4513787,29,0.668716,0.5765195,28,-0.668716,0.334358,1016,2,2,2,0,6
"269",1611,"RF",0.9301551,0.3360491,288,0.749974,0.5163808,119,0.1801811,0.84006455,2041,2,3,3,1,7
"270",1614,"ASF",0.8446627,1,70,1,0.5148634,45,-0.1553373,0.92233135,1600,2,2,1,0,7
"271",1615,"OD",0.921972346516111,0.838294919382596,169,0.477201537611717,0.872817534895031,217,0.444770808904394,0.699586942063914,2436,2,2,3,0,5
"272",1616,"ASF",0.571836,0.3780976,36,0.9891884,0.7232317,79,-0.4173524,0.7805122,2024,2,1,0,0,4
"273",1617,"ASF",0.7713643,0.8730012,362,0.5415204,0.7615002,178,0.2298439,0.65644235,2535,2,3,3,1,9
"274",1618,"ASF",0.9665819,0.4584287,299,1,0,158,-0.0334181,0.98329095,3287,1,2,3,0,9
"275",1620,"ASF",0.3736747,0.7677078,40,0.5370775,0.701333,112,-0.1634028,0.4553761,1328,2,2,3,1,5
"277",1626,"OD",0.613799908535172,0.324270717401401,144,0.640540861807595,0.451048804407449,123,-0.0267409532724229,0.627170385171383,1262,2,2,2,0,10
"278",1628,"OD",1,0.0812986764808412,74,0.938179818536754,0.196990185731594,92,0.0618201814632456,0.969089909268377,1059,2,2,3,0,10
"279",1631,"ASF",0.7347623,0.5508732,60,0.7230273,0.1186878,42,0.0117349999999999,0.7288948,1512,2,2,2,1,7
"280",1632,"ASF",0.1418488,0.2913708,36,0.7371888,0.5641683,155,-0.59534,0.4395188,2358,2,0,1,0,2
"281",1633,"RF",0.5663069,0.8658905,110,0.505202,0.4643936,116,0.0611048999999999,0.53575445,2709,2,3,3,1,2
"282",1634,"ASF",0.926569,0.6477191,188,0.650304,0,120,0.276265,0.7884365,2934,2,3,3,1,6
"283",1635,"RF",0.8108692,0.2386621,139,0.9507465,0.4804361,103,-0.1398773,0.88080785,1608,2,2,3,0,9
"284",1636,"OD",0.462345609628707,0.427255530205073,60,0.628902491734372,0.807268230402483,58,-0.166556882105664,0.54562405068154,890,2,1,2,0,5
"285",1637,"RF",0.8323833,0.307548,164,1,0.2694815,190,-0.1676167,0.91619165,1501,2,3,3,1,9
"286",1638,"RF",1,0.3520342,121,0.5899838,0.211145,124,0.4100162,0.7949919,2021,2,3,3,1,9
"287",1640,"OD",0.928618262216991,0,135,0.806570556948073,0.15297709002674,166,0.122047705268918,0.867594409582532,1498,2,3,3,0,7
"288",1641,"RF",0.6016891,0.3283395,198,0.8698682,0.5028096,121,-0.2681791,0.73577865,2219,2,2,3,1,6
"289",1642,"RF",0.6508852,0.4436938,71,0.5456262,0.5226058,99,0.105259,0.5982557,1281,2,3,3,1,5
"290",1644,"RF",0,0.06574337,46,0.6816183,0.4862123,47,-0.6816183,0.34080915,1217,2,2,2,1,10
"291",1645,"ASF",0.7513331,0.1215885,123,0.8232875,0.121981,167,-0.0719544,0.7873103,1937,2,2,3,1,9
"292",1646,"RF",0.7632067,0.4828956,278,0.828822,0.3083288,244,-0.0656152999999999,0.79601435,2352,2,2,3,1,9
"293",1647,"RF",1,0.06405967,64,0.7586414,0.02867998,65,0.2413586,0.8793207,1133,2,3,3,1,10
"294",1648,"OD",0.463198058216141,0.510125450860486,470,0.840399757946864,0.292881610830388,719,-0.377201699730723,0.651798908081502,2489,2,2,2,0,7
"295",1650,"RF",0.5741729,0.6943394,76,0.5082654,0.7504778,52,0.0659075,0.54121915,2563,2,2,2,0,6
"296",1651,"RF",1,0.1929238,146,0.8673961,0.6747617,104,0.1326039,0.93369805,2027,2,3,3,0,5
"297",1653,"OD",0.710381343808667,0.567963962209609,618,0.00450059735051555,0.713261783650227,223,0.705880746458152,0.357440970579591,3663,2,0,2,0,2
"298",1655,"RF",0.8921561,0.4679813,200,0.6997902,0.2007133,216,0.1923659,0.79597315,2013,2,3,3,1,7
"299",1656,"ASF",0.3135737,0.2732123,194,0.5112157,0.1991204,98,-0.197642,0.4123947,2718,2,2,0,0,7
"300",1657,"OD",0.71202778102303,0.218181718511878,243,0.648398980141302,0.468256000635153,106,0.0636288008817282,0.680213380582166,2011,2,2,2,0,3
"301",1658,"OD",0.494024145345376,1,146,0.538761258658743,0.997847157871214,265,-0.0447371133133673,0.51639270200206,3701,2,2,2,0,4
"302",1660,"OD",0.737360512956264,0.239516230838129,111,0.640374257946731,0.429522047027533,63,0.0969862550095331,0.688867385451498,2363,2,2,2,0,5
"303",1661,"ASF",0.7891134,0.6616994,268,0.8045247,0.4534132,123,-0.0154113,0.79681905,3679,2,2,3,0,8
"304",1662,"ASF",0.6657361,0.3651956,214,0.7799158,0.3490095,60,-0.1141797,0.72282595,2215,2,3,3,0,4
"305",1663,"OD",0.616220272628001,0.725167724311064,118,0.701056372749661,0.548837772873824,147,-0.08483610012166,0.658638322688831,1443,2,2,3,0,7
"306",1664,"RF",0.9210421,0.7739044,164,0.7619143,0.6554119,127,0.1591278,0.8414782,1849,2,2,3,0,5
"307",1665,"OD",0.406525470930705,0.263577692224789,216,0.950693724402981,0.204725747547647,118,-0.544168253472275,0.678609597666843,1180,2,2,3,0,10
"308",1666,"RF",1,0.5492849,98,0.6822861,0.4853346,132,0.3177139,0.84114305,1914,2,2,3,1,6
"309",1668,"OD",0.70481410956049,0.801305206415834,182,0.583861136448342,0.106997904539146,139,0.120952973112148,0.644337623004416,2135,2,3,0,0,6
"310",1669,"OD",0.512100002639302,1,79,0.76798584864078,0.733982158090086,191,-0.255885846001478,0.64004292564004,1490,1,2,3,0,6
"311",1671,"ASF",0.08807743,1,127,0.03332036,0.9456577,94,0.05475707,0.060698895,2154,2,2,2,0,7
"312",1674,"RF",0.6047989,0.2940044,191,0.7852735,1,319,-0.1804746,0.6950362,3759,2,2,3,1,7
"313",1675,"ASF",0.5002939,0.1048087,32,0.4696184,0.6555545,33,0.0306755,0.48495615,1895,2,2,0,0,4
"314",1676,"RF",0.6853858,0.5909759,170,0.8670619,0.4740217,227,-0.1816761,0.77622385,2095,2,3,3,1,8
"315",1677,"OD",0.879767654918431,0.740353780625565,156,0.857329523997636,0.974712369782763,158,0.0224381309207957,0.868548589458033,1565,2,2,2,0,5
"316",1678,"ASF",0.8638143,0.223751,70,0.6772484,0.5068438,121,0.1865659,0.77053135,3327,2,0,2,0,2
"317",1680,"OD",0.306928905239393,0.357018045052499,123,0.75205556452749,0.53190730982452,132,-0.445126659288097,0.529492234883441,1940,2,2,3,0,6
"318",1681,"ASF",0.3985681,0.1528636,75,0.07906622,0.1649731,111,0.31950188,0.23881716,1768,2,2,2,1,6
"319",1683,"RF",1,0.04275099,147,0.9970341,0.6104482,249,0.00296589999999997,0.99851705,2358,2,2,2,0,5
"320",1684,"ASF",0.7605101,0.7983683,54,0.7387515,0.05332437,72,0.0217586,0.7496308,1410,2,2,2,1,3
"321",1686,"ASF",0.843873,0.490917,94,0.6186442,0.2222924,114,0.2252288,0.7312586,2269,2,1,0,0,2
"322",1687,"OD",0.693414361711932,0.284310380717235,431,0.116517343028371,0.484066505264511,305,0.576897018683561,0.404965852370151,2131,2,2,2,0,7
"323",1688,"OD",0.859801763043294,0,314,0.787469097079003,0.572690025439547,243,0.0723326659642903,0.823635430061149,1979,2,2,3,0,8
"324",1689,"OD",0.76829495499921,0.37501254906277,132,0.445329651620163,0.527460297454051,324,0.322965303379047,0.606812303309686,2458,1,0,3,0,3
"325",1690,"RF",0.7723592,0.4930614,183,0.6511247,0.04662078,91,0.1212345,0.71174195,2485,2,2,2,0,7
"326",1692,"OD",0.406878306189207,0.561079422532263,119,0.450329549237473,1,277,-0.0434512430482659,0.42860392771334,4180,2,2,2,0,3
"327",1694,"RF",0.7550781,0.6619264,188,0.6141341,0.6722441,72,0.140944,0.6846061,2040,2,2,3,0,6
"328",1696,"RF",0.4763098,0.4234,54,0.6341773,0.3614022,61,-0.1578675,0.55524355,1713,2,3,2,0,5
"329",1698,"OD",0.436644171252998,0.246423334198318,145,0.587431590216272,0.311826459976075,95,-0.150787418963274,0.512037880734635,1001,2,3,3,0,8
"330",1699,"ASF",0.5001436,0.2356001,82,0.7248045,0,47,-0.2246609,0.61247405,2715,2,3,3,1,4
"331",1701,"ASF",0.9557388,0.05959244,121,0.9262693,0.5867189,101,0.0294695,0.94100405,2171,2,3,3,0,5
"332",1702,"OD",0.835483768501738,0,250,0.948643954290437,0.0427428223922753,152,-0.113160185788699,0.892063861396087,2159,2,3,3,0,6
"333",1704,"ASF",0.3953197,0.304623,134,0.5313161,0.1026154,210,-0.1359964,0.4633179,3434,2,2,2,0,7
"334",1705,"OD",0.853618042068952,0.640559450666996,141,0.726466198748214,0.969676409657002,274,0.127151843320738,0.790042120408583,3696,2,2,3,0,0
"335",1706,"OD",0.907722521161035,0,52,0.860852914906863,0.225664733380074,59,0.0468696062541726,0.884287718033949,1401,2,3,3,0,6
"336",1707,"OD",0.90881790312589,0,150,0.214670350506595,0.49157602193329,119,0.694147552619295,0.561744126816242,1910,2,2,3,0,6
"337",1709,"RF",0.9301301,0.3347213,58,0.7619105,0.8155096,80,0.1682196,0.8460203,3367,2,3,2,0,8
"339",1713,"OD",0.618107248879774,0.395195571673762,168,0.558069149567286,0.399386760433185,144,0.0600380993124878,0.58808819922353,1879,2,0,2,0,1
"340",1716,"ASF",0.3911265,0.9338125,211,0.6593685,0.5528016,180,-0.268242,0.5252475,2457,2,2,2,0,4
"341",1717,"OD",0.595457015489874,0.317599815075123,190,0.311576475516258,0.0106684276333834,168,0.283880539973616,0.453516745503066,2432,2,1,1,0,4
"342",1718,"ASF",0.7661502,0.4979135,48,0.1038624,0.5167121,38,0.6622878,0.4350063,1467,2,3,3,1,6
"343",1719,"OD",0.768112195141958,1,158,0.916470261350716,0.162915996722789,111,-0.148358066208758,0.842291228246337,1485,2,2,2,0,5
"344",1720,"ASF",0.7801029,0.8300937,260,0.785297,0.492533,182,-0.00519409999999998,0.78269995,3484,2,2,3,1,6
"345",1722,"OD",0.489501001941504,0.637968844862098,28,0.776415337565045,0.749607965640619,78,-0.286914335623541,0.632958169753274,2017,2,2,1,0,6
"346",1723,"ASF",0.8149594,0.739717,126,1,0.6465785,155,-0.1850406,0.9074797,2316,2,2,3,1,6
"347",1724,"RF",0.521177,0.5255749,183,0.7809085,0.2563313,94,-0.2597315,0.65104275,2102,2,2,0,0,6
"348",1727,"OD",0.683791437762085,0.868426638101315,134,0.321605483841944,0.74064375621842,107,0.36218595392014,0.502698460802014,3169,2,2,2,0,3
"349",1728,"OD",0.710054678257015,0.116139711039143,55,0.443842961947223,0.242040006438232,42,0.266211716309791,0.576948820102119,1246,2,3,2,0,8
"350",1729,"ASF",0.7019576,0.3725651,82,0.3885838,0.08886938,311,0.3133738,0.5452707,2289,2,0,2,1,7
"351",1730,"OD",0.390782402617322,0.473257642499438,111,0.338148319358376,0.643385871948575,124,0.0526340832589454,0.364465360987849,2769,2,2,1,0,2
"352",1733,"ASF",0.3704574,0,46,0.4167003,0.1966078,36,-0.0462429,0.39357885,1845,2,2,3,0,8
"353",1734,"ASF",0.9221774,0.2901652,96,0.8038504,0.2256902,158,0.118327,0.8630139,2233,2,2,2,1,7
"354",1735,"RF",0.5186626,0.2041478,94,0.1200763,0.3490389,64,0.3985863,0.31936945,2022,2,2,2,1,8
"355",1737,"ASF",0.7450374,0,105,0.7976683,0.2140935,99,-0.0526309,0.77135285,3051,2,3,3,0,5
"356",1738,"ASF",0.9882158,0.5329069,63,0.7231818,0.8790837,72,0.265034,0.8556988,1349,2,2,3,1,7
"357",1740,"RF",0.3653737,0.3653737,63,0.8029781,0.369888,193,-0.4376044,0.5841759,1670,2,1,2,0,4
"358",1743,"ASF",0.8047662,0.3473799,121,0.5890688,0.1804188,61,0.2156974,0.6969175,1804,2,3,3,0,5
"359",1745,"ASF",0.7699761,0.620284,430,0.3827835,0.222614,403,0.3871926,0.5763798,4235,2,2,2,1,3
"360",1746,"ASF",0.752754,0.2723609,122,0.6938843,0.376716,186,0.0588697,0.72331915,2632,2,2,2,0,3
"361",1748,"RF",0.6656432,0.5077178,311,0.9472346,0.586266,132,-0.2815914,0.8064389,2425,2,2,3,0,6
"362",1750,"OD",0.823857795083054,0.479699654303673,22,0.817700768341568,0.795639245882475,99,0.00615702674148555,0.820779281712311,1498,2,2,1,0,5
"363",1751,"OD",0.55966666738274,0.102854143593619,149,0.849649225260058,0.499795904184766,75,-0.289982557877318,0.704657946321399,1154,2,2,3,0,8
"364",1752,"RF",0.8399084,0.2274036,99,0.6511943,0.04371583,149,0.1887141,0.74555135,2603,2,3,3,1,9
"365",1753,"RF",0.8757011,0,300,0.816683,0.6135803,276,0.0590181,0.84619205,3574,2,2,2,0,3
"366",1754,"RF",0.8271946,0.2803268,291,0.7113433,0.3227339,82,0.1158513,0.76926895,1920,2,2,3,0,4
"367",1755,"OD",0.56763664305353,0.448900012582225,287,0.351279790841796,0.0864136303304995,222,0.216356852211734,0.459458216947663,3054,2,2,3,0,6
"368",1756,"RF",0.6736521,0.4834303,87,0.9064629,0.502181,121,-0.2328108,0.7900575,2025,2,2,2,0,3
"369",1757,"ASF",0.8757975,0.5188144,137,0.1989391,0.588535,25,0.6768584,0.5373683,2356,2,0,0,0,3
"370",1758,"RF",0.614552,0.3248014,320,0.763909,0,75,-0.149357,0.6892305,3446,2,2,2,0,1
"371",1759,"RF",0.782491,0.6674767,155,0.4438919,0.5520213,77,0.3385991,0.61319145,3488,2,3,2,0,4
"372",1760,"RF",0.6519113,0.3475248,764,0.6259245,0.2944376,93,0.0259868,0.6389179,3421,2,2,3,1,6
"373",1762,"OD",0.905744609495622,0,262,1,0.176967693716524,247,-0.0942553905043781,0.952872304747811,1969,2,2,3,0,7
"374",1763,"RF",0.9262401,0.123424,183,0.6039624,0.0799771,204,0.3222777,0.76510125,2566,2,3,3,0,8
"375",1765,"RF",0.528337,0.3529116,156,0.4713682,0.7015533,128,0.0569687999999999,0.4998526,2036,2,2,3,1,4
"376",1766,"ASF",0.624142,0.6544859,79,0.6912715,0.3749225,335,-0.0671295000000001,0.65770675,2088,2,2,2,1,5
"377",1767,"ASF",0.8093144,0.1984676,195,0.5506254,0.4142976,300,0.258689,0.6799699,3302,2,2,3,1,7
"378",1768,"OD",0.818068489791849,0.330018617247829,154,0.891641053605343,0.428777736293629,1122,-0.0735725638134942,0.854854771698596,1826,2,2,2,0,6
"379",1769,"RF",1,0.3243133,148,0.9978701,0.1347055,154,0.00212990000000002,0.99893505,2308,2,3,3,1,8
"380",1771,"OD",0.679436415064308,0.207665134945459,85,0.821956975086823,0.161806536677485,172,-0.142520560022516,0.750696695075566,2348,2,2,2,0,3
"381",1773,"ASF",0.7469258,0,149,0.6301989,0.003345766,194,0.1167269,0.68856235,2109,2,3,3,1,9
"382",1774,"RF",0.2623169,0.6208585,107,0.7915589,0.5991614,133,-0.529242,0.5269379,1602,2,2,2,1,10
"383",1775,"RF",0.6568054,0,268,0.7490435,0,196,-0.0922381,0.70292445,3486,2,2,3,0,7
"384",1777,"ASF",0.5929751,0.0005144851,152,1,0.4900171,66,-0.4070249,0.79648755,3092,2,2,3,1,5
"385",1778,"OD",0.84777229324169,0.275977044232576,296,0.800995967149496,0.181792304606628,223,0.0467763260921948,0.824384130195593,2051,2,3,3,0,6
"386",1780,"OD",0.811677162061384,0.396754873351503,86,0.62591893870112,0,201,0.185758223360265,0.718798050381252,3020,2,3,2,0,5
"387",1781,"RF",0.7048579,0.4869809,124,0.6307601,0.8949333,123,0.0740978,0.667809,2038,2,2,2,1,3
"389",1783,"ASF",0.6413272,0.7315142,110,0.6359658,0.377459,288,0.00536139999999996,0.6386465,3181,2,2,2,1,7
"390",1784,"RF",0.5332706,0.3484309,240,0.6188259,0.5515317,100,-0.0855553,0.57604825,3498,2,2,2,0,4
"391",1785,"RF",0.5126677,0.664653,57,0.4206383,0.6974022,31,0.0920293999999999,0.466653,3298,2,0,2,0,5
"392",1786,"RF",0.7484524,0.4349535,207,1,0.2650324,316,-0.2515476,0.8742262,3849,2,2,2,0,4
"393",1788,"ASF",0.7210752,0.357021,122,0.682402,0.5163406,144,0.0386732000000001,0.7017386,2804,2,3,2,1,4
"394",1789,"OD",0.748709358035684,0.333718127151488,82,0.331916758455018,0.304910871035759,83,0.416792599580666,0.540313058245351,2474,2,2,3,0,6
"396",1792,"OD",0.826267916078626,0.469090290316009,132,1,0.157334067751997,40,-0.173732083921374,0.913133958039313,1085,2,2,2,0,9
"397",1793,"OD",0.0651357318107073,0.460682354903216,92,0.961736418505279,0.213417073075769,231,-0.896600686694572,0.513436075157993,1839,2,2,3,0,5
"398",1794,"OD",0.744976108077849,0.134730444195543,114,0.374578943700571,0,54,0.370397164377278,0.55977752588921,1261,2,2,2,0,5
"399",1795,"OD",0.638929568444244,0.503318001066592,123,0.52856116187442,0,129,0.110368406569823,0.583745365159332,2138,2,2,3,0,6
"400",1796,"ASF",0.758411,0.2387028,230,0.90107,0.6370647,159,-0.142659,0.8297405,1666,2,3,3,1,6
"401",1797,"OD",0.780492641759591,0.726156360052121,448,0.604526405818792,0.249899181025235,316,0.175966235940799,0.692509523789191,4322,2,2,3,0,6
"402",1798,"OD",0.329824884078333,0.205594108384383,80,0.290917074762012,0.597224974876657,70,0.0389078093163205,0.310370979420172,1945,1,2,2,0,6
"403",1801,"RF",0.2408947,0.5163282,102,0.4342643,0.4336144,99,-0.1933696,0.3375795,3716,2,2,1,1,4
"404",1804,"OD",0.347481094096896,1,74,0.96190518390128,0.72418176294002,143,-0.614424089804384,0.654693138999088,1511,2,1,2,0,6
"405",1807,"OD",0.709620340823387,0.329114911090849,215,0.65287370660226,0.0648501212419785,110,0.0567466342211269,0.681247023712823,1692,2,3,2,0,9
"406",1808,"RF",0.840924,0.5926876,233,0.9753029,0.4489334,157,-0.1343789,0.90811345,2818,2,2,2,0,6
"407",1809,"OD",0.575841643285905,0.315056732092335,250,0.830451846718428,0,261,-0.254610203432523,0.703146745002166,2401,2,3,3,0,8
"408",1811,"OD",0.571004622918008,0.943144474329871,171,0.580862885955358,0.534082473361478,130,-0.00985826303735027,0.575933754436683,1597,2,2,1,0,2
"409",1813,"OD",0.747521739105148,0.58288565427883,537,0.578684222606611,0.728745029246589,174,0.168837516498537,0.66310298085588,2399,2,2,3,0,6
"410",1814,"OD",0.87840355748689,0.643381099604719,44,0.591303685052533,0.190311061530707,60,0.287099872434357,0.734853621269711,1392,2,2,2,0,5
"411",1815,"OD",0.518135536650607,0.441186439077228,178,0.752600595628764,0.50756816214226,197,-0.234465058978157,0.635368066139686,2283,2,3,3,0,4
"412",1816,"ASF",0.916324,0.1475981,124,0.660291,0.1070017,376,0.256033,0.7883075,3372,2,2,2,0,4
"413",1817,"RF",0.7170088,0.7553524,73,1,0.8085898,94,-0.2829912,0.8585044,3266,2,2,2,1,4
"414",1818,"RF",0.8946378,0.05200548,194,1,0.5356293,244,-0.1053622,0.9473189,2890,2,3,3,0,8
"416",1821,"OD",0.904043315612582,0,170,0.973474406489217,0.254339443828261,146,-0.0694310908766349,0.9387588610509,1386,2,3,3,0,6
"417",1822,"OD",0.607098427365405,0.698219539308716,129,0.397531764764173,0.681217434897065,117,0.209566662601232,0.502315096064789,2719,2,2,1,0,4
"418",1823,"OD",0.39657873994195,0.789895310114204,36,0.454353896400174,0.491099998196132,101,-0.0577751564582241,0.425466318171062,1910,2,1,0,0,2
"419",1824,"RF",0.6847264,0.5490245,146,0.5676765,0.79492,251,0.1170499,0.62620145,2285,2,3,2,0,3
"420",1826,"ASF",1,0.5739614,327,0.7660444,0.3669788,82,0.2339556,0.8830222,2091,2,3,3,1,7
"421",1827,"RF",0.9340383,0.5181717,222,0.686115,0.4226878,125,0.2479233,0.81007665,1707,2,1,3,1,7
"422",1830,"OD",0.67472699772025,0.498098016469466,22,0.47181697256595,0.976610348252531,19,0.202910025154299,0.5732719851431,1774,2,2,1,0,4
"423",1831,"RF",0.7021947,0.4821485,407,0.5462047,0,629,0.15599,0.6241997,3892,2,3,3,0,7
"425",1836,"ASF",0.8686237,0.8048542,61,0.03144701,0.9357554,46,0.83717669,0.450035355,2365,1,2,0,0,6
"426",1837,"OD",0.406235324342318,0.464898364208062,265,0.554205766529815,0.530319004120113,306,-0.147970442187497,0.480220545436066,4242,2,2,2,0,3
"427",1838,"RF",0.3513339,0.644932,55,0.2877592,0.3811894,47,0.0635747,0.31954655,2030,2,1,1,0,6
"428",1839,"RF",0.589784,0.4005228,192,0.7445306,0.6639622,72,-0.1547466,0.6671573,2735,2,2,3,1,5
"429",1841,"ASF",0.5959107,0.3512291,160,0.9540403,0.817768,97,-0.3581296,0.7749755,2649,2,2,3,0,5
"430",1843,"ASF",0.816639,0.2622095,144,0.9748392,0.2546424,103,-0.1582002,0.8957391,2068,2,2,3,0,9
"431",1844,"ASF",0.532385,0.4255939,84,0.9623473,0.5140249,118,-0.4299623,0.74736615,1710,2,0,1,0,2
"432",1848,"ASF",0.8307477,0.05470157,158,0.8270959,0.4039479,65,0.00365179999999998,0.8289218,2875,1,2,3,0,4
"433",1852,"OD",0.529105678885491,0.397702895021144,65,0.556380911335765,0.568951550425386,91,-0.027275232450274,0.542743295110628,1070,2,0,2,0,4
"434",1853,"ASF",1,0.02671526,201,0.7884541,0.06247523,118,0.2115459,0.89422705,4522,2,2,2,0,7
"435",1854,"ASF",0.800212,0.895914,176,0.6120053,0.367794,160,0.1882067,0.70610865,3149,2,2,3,0,6
"436",1860,"OD",0,0.519911569871642,443,0.656104082949267,0.172541215687102,99,-0.656104082949267,0.328052041474633,2739,2,2,2,0,5
"437",1861,"OD",0.113488495489041,0.272720779952836,102,0.510716576605616,0.65995005898033,46,-0.397228081116575,0.312102536047328,1576,2,2,3,0,7
"438",1862,"OD",0.496107506108037,0.512138751561604,157,0.484968252792271,0.651630510217996,221,0.011139253315766,0.490537879450154,2240,2,3,2,0,6
"439",1863,"ASF",0.6013882,0.5366653,60,0.7883061,0.3231739,93,-0.1869179,0.69484715,1476,2,3,2,1,6
"440",1865,"ASF",0.840156,0,259,0.6254098,0.01574917,186,0.2147462,0.7327829,2422,2,2,3,0,7
"441",1867,"ASF",0.264434,0.4793222,81,0.6843422,0.7595206,79,-0.4199082,0.4743881,2410,2,0,0,0,4
"442",1868,"RF",0.5606802,0.5696332,96,0.8997604,0.4818293,200,-0.3390802,0.7302203,3058,2,2,3,0,8
"443",1869,"RF",0.6691589,0.3453906,55,0.4815755,0.6182571,47,0.1875834,0.5753672,2737,2,2,3,0,5
"445",1877,"ASF",0.3908439,0.4313161,79,0.253444,0.622298,121,0.1373999,0.32214395,3046,2,2,2,0,4
"446",1878,"ASF",0.6484582,0.3486812,79,0.3548848,0.2674084,80,0.2935734,0.5016715,3125,2,2,1,0,3
"447",1882,"RF",0.3344982,0.3919248,138,0.6031616,0.4491647,42,-0.2686634,0.4688299,2447,2,1,0,0,5
"448",1883,"RF",0.8164726,0.3500072,104,0.5047467,0.4935736,200,0.3117259,0.66060965,2606,2,2,2,0,4
"449",1884,"ASF",0.7780302,0.5511613,165,0.5853465,0.5692629,57,0.1926837,0.68168835,3074,2,3,2,0,6
"450",1886,"OD",0.164788168840804,0.458548027618071,137,0.516618497313899,0.911316258468029,84,-0.351830328473095,0.340703333077352,3185,2,0,2,0,5
"451",1887,"ASF",0.4473101,0.6719873,102,0.8219097,0.4657283,107,-0.3745996,0.6346099,3794,2,2,0,0,0
"452",1888,"OD",0.856694183059747,0.162662992378953,221,0.840323751564095,0.134477479227511,276,0.0163704314956522,0.848508967311921,2637,2,2,3,0,5
"453",1890,"OD",0.534365669591375,0.598771781852203,174,0.600702196651602,0.412069623497796,189,-0.0663365270602269,0.567533933121489,2777,2,2,2,0,5
"454",1894,"ASF",0.4206391,1,96,0.6771017,0.8672509,87,-0.2564626,0.5488704,2429,2,2,3,0,5
"455",1895,"ASF",0.5820308,0.7467537,28,0.3001503,0.3580111,57,0.2818805,0.44109055,2043,2,2,2,0,4
"456",1897,"OD",0.606769406877253,0.350276600988614,153,0.701387731238678,0.501763439883705,169,-0.0946183243614248,0.654078569057966,2493,2,2,1,0,2
"457",1900,"OD",0.335859219969754,0.321534524912613,138,0.474080711325842,0.410391724264434,167,-0.138221491356088,0.404969965647798,3534,2,2,1,0,2
"458",1901,"RF",0.7720244,0.5809171,341,0.4818836,0.3200228,72,0.2901408,0.626954,3125,2,2,2,0,4
"459",1903,"ASF",0.904545,0.2305051,704,0.8143694,0.4589478,378,0.0901756,0.8594572,4328,2,2,3,1,7
"460",1904,"ASF",0.7331284,0.5772873,193,0.6831311,0.5356451,157,0.0499973,0.70812975,3651,2,2,2,1,6
"461",1906,"RF",0.8536956,0.7418734,251,0.6867633,0.07839388,202,0.1669323,0.77022945,4121,2,2,3,0,5
"462",1908,"OD",0.395907256799976,0.669407633278337,156,0.221808127225832,0.520635237030822,189,0.174099129574144,0.308857692012904,1822,2,0,0,0,4
"464",1911,"RF",0.4346441,0.5406217,56,0.4023178,0.623787,131,0.0323263,0.41848095,4012,2,2,2,0,1
"465",1913,"OD",0.600874789954143,0.776715503687136,29,0.7635810604489,0.171046316794735,113,-0.162706270494757,0.682227925201522,2943,2,2,1,0,4
"466",1917,"RF",0.6050535,0.7632148,255,0.6445386,0.0885988,236,-0.0394850999999999,0.62479605,3310,2,2,3,1,4
"467",1919,"OD",0.499212931362123,0.192784806795807,135,0.990318675361688,0.253618149495388,181,-0.491105743999566,0.744765803361906,3069,2,1,2,0,2
"468",1920,"ASF",0.9260998,0.2767713,191,0.9588807,0.5586626,280,-0.0327809,0.94249025,3539,2,2,2,1,6
"469",1921,"RF",0.7754808,0.4866427,121,0.9331379,0.7045066,186,-0.1576571,0.85430935,2159,2,2,2,1,8
"470",1923,"ASF",0.9899696,0.6529142,274,0.7057824,0.5034299,149,0.2841872,0.847876,1640,2,3,2,0,6
"471",1927,"RF",0.4412642,0.4701353,67,0.6243182,0.4179174,84,-0.183054,0.5327912,1250,2,2,3,0,10
"472",1928,"RF",1,0.6045029,164,0.6145531,0.2954184,269,0.3854469,0.80727655,3357,2,2,2,0,6
"473",1931,"OD",0.935719734813013,0.153991384480746,188,0.362890195286224,0.00984030978960161,80,0.572829539526789,0.649304965049618,1388,2,3,3,0,2
"474",1932,"OD",0.608034232941713,0.0264508465900084,321,0.928512678671895,0.313759074509162,270,-0.320478445730183,0.768273455806804,3031,2,2,3,0,6
"475",1933,"OD",0.527841152517388,0.252241810482418,63,0.481960074544417,0.258272964950285,70,0.045881077972971,0.504900613530903,1052,2,2,3,0,11
"476",1935,"RF",0.7022766,0.3109702,301,0.8585712,0.7188019,303,-0.1562946,0.7804239,1534,2,3,3,1,8
"477",1937,"ASF",0.7450687,0,257,0.7798159,0.4028743,136,-0.0347472,0.7624423,2966,2,2,3,1,5
"478",1938,"RF",0.3649983,0.5997353,57,0.3309057,0.3017931,89,0.0340926,0.347952,2764,2,0,2,0,6
"479",1940,"ASF",0.9844063,0,28,0.8802915,0.1115802,46,0.1041148,0.9323489,1280,2,2,3,1,9
"480",1941,"ASF",0.5347019,0.8791305,62,0.3676019,0.6483128,77,0.1671,0.4511519,2958,2,1,1,0,5
"481",1942,"RF",0.703512,0.5352397,45,0.4628176,0.6669258,106,0.2406944,0.5831648,1253,2,2,2,0,4
"482",1944,"RF",0.3040449,0.52018,76,0.4916637,0,49,-0.1876188,0.3978543,2195,2,2,2,0,1
"483",1945,"OD",0.136847536949295,0.258102367543985,132,0.374477702760619,1,34,-0.237630165811324,0.255662619854957,2094,2,2,2,0,5
"484",1949,"RF",0.7288585,0.5899738,129,0.7720764,0.5893155,73,-0.0432179,0.75046745,2434,1,2,3,1,4
"485",1950,"OD",0.708510453240691,0.533676989926021,77,0.57680737045397,0.419309927366035,166,0.131703082786721,0.64265891184733,2295,2,2,1,0,6
"486",1953,"ASF",0.4611593,0.7189757,202,0.2651506,0.1329674,60,0.1960087,0.36315495,3682,2,2,3,0,4
"487",1956,"RF",0.7208767,0.225962,62,0.7189042,0.4389665,200,0.00197250000000004,0.71989045,968,2,2,3,1,9
"488",1957,"OD",0.725465852379221,0.0140918929533054,311,0.568739291833192,0.211477735322726,379,0.156726560546029,0.647102572106206,3404,2,2,2,0,5
"489",1959,"RF",0.6673092,0.7318035,48,0.1823614,0.5847765,65,0.4849478,0.4248353,1488,2,2,1,1,4
"491",1961,"RF",0.4920474,0.3477827,95,0.4614016,0.1518295,91,0.0306458,0.4767245,2900,2,3,3,0,6
"492",1965,"OD",0.330976304814987,0.2711320444577,62,0.57463351939886,0.200318192590546,65,-0.243657214583872,0.452804912106924,1156,2,2,2,0,9
"494",1969,"ASF",0.597376,0.5856975,56,0.03219376,0.3552094,1898,0.56518224,0.31478488,3473,2,2,2,1,4
"496",1972,"ASF",0.4225981,0.2510516,141,0.1781377,0.6078941,73,0.2444604,0.3003679,1620,2,1,2,1,5
"497",1974,"RF",0.9164647,0.385864,109,0.8797494,0.7050835,68,0.0367153,0.89810705,1915,2,3,3,0,7
"498",1976,"OD",0.386026192834639,0.226280456823066,38,0.315915479903463,0.266681795867336,50,0.0701107129311759,0.350970836369051,1429,2,2,2,0,4
"499",1977,"OD",0.65075585064057,0.0565418985233409,101,1,0.29417629687964,42,-0.34924414935943,0.825377925320285,1460,2,3,3,0,7
"500",1978,"OD",0.144666558131251,0.896113787864527,200,0.107485999412155,1,250,0.0371805587190962,0.126076278771703,3604,2,2,2,0,5
"502",1980,"RF",0.5048782,0.6202526,282,0.4744061,0.8263226,45,0.0304721000000001,0.48964215,2032,2,0,1,0,7
"503",1982,"OD",0.716354491734869,0.0122285232729801,138,0.580999186757627,0.762934094260885,137,0.135355304977242,0.648676839246248,1606,2,3,2,0,5
"504",1985,"OD",0.677606221380577,0.586387361750385,142,0.524142236812718,0.123221821333682,139,0.15346398456786,0.600874229096648,2455,2,2,2,0,4
"505",1986,"RF",0.265696,0.2785276,68,0.4981729,0.3621821,40,-0.2324769,0.38193445,1709,2,2,2,0,5
"506",1987,"RF",0.5977358,0.6962893,64,0.7799911,0.6489967,164,-0.1822553,0.68886345,2453,2,2,0,1,4
"507",1989,"ASF",0.401099,0.2506374,52,0.7561601,0.2506723,72,-0.3550611,0.57862955,1565,2,2,2,1,9
"508",1990,"OD",0.641242841174848,0.138208327436653,63,0.379367646810959,0.664639280722849,74,0.26187519436389,0.510305243992903,548,2,2,3,0,10
"509",1994,"RF",0.5899926,0.1680569,129,1,0.1057498,336,-0.4100074,0.7949963,3512,2,3,2,1,5
"510",1995,"OD",0.826310178786163,0.383732084919459,327,0.8996759537921,0.722044555614823,171,-0.0733657750059371,0.862993066289131,2689,2,2,3,0,7
"511",1996,"ASF",0.4311109,0.2471237,256,0.1093572,0.6677682,92,0.3217537,0.27023405,2683,2,3,3,0,7
"512",1997,"OD",0.522222298495074,0.535689524323973,39,0.656293369831713,0.18459379389733,30,-0.134071071336639,0.589257834163393,841,2,2,2,0,7
"513",2002,"ASF",0.4231711,0.4701016,175,0.4159709,0.8222282,99,0.00720020000000005,0.419571,2776,2,2,1,1,3
"514",2004,"OD",0.144859284497152,0.414530773610623,170,1,0.486278713452179,97,-0.855140715502848,0.572429642248576,2014,2,3,3,0,7
"515",2005,"ASF",0.2523109,0.4436485,20,0.8957471,0.6402115,20,-0.6434362,0.574029,1077,2,2,0,0,7
"516",2006,"OD",0.356950356107703,0.266575002831526,31,0.160589476293659,0.420817987630974,68,0.196360879814044,0.258769916200681,1816,2,2,2,0,5
"517",2010,"ASF",0.5454861,0.4453077,126,0.6233913,0.3728447,158,-0.0779052,0.5844387,1781,2,2,3,1,7
"518",2011,"RF",0.9833524,0.410955,107,0.8564521,0.7345351,149,0.1269003,0.91990225,2299,2,2,2,0,4
"519",2012,"OD",0.483869644348488,0.801423996794273,428,0.771424463074458,0.0304607723058491,48,-0.28755481872597,0.627647053711473,1601,2,2,2,0,5
"520",2013,"RF",0.9003109,0.239153,385,1,0.6723117,179,-0.0996891,0.95015545,2499,2,2,3,1,7
"521",2014,"RF",0.3774007,0.4767657,109,0.5228664,0.3691292,200,-0.1454657,0.45013355,2994,2,3,3,0,4
"522",2017,"OD",0.666385406333018,0.768696989898662,38,0.844311198334141,0.381612287677561,47,-0.177925792001124,0.75534830233358,586,2,2,2,0,10
"523",2046,"OD",0.511181623196757,0.372023582271405,228,0.273904598729592,0.459541989889718,145,0.237277024467165,0.392543110963174,1711,2,2,3,0,7
"524",2049,"ASF",0.4861447,0.3197211,76,0.725652,0.1665673,145,-0.2395073,0.60589835,3205,2,2,3,0,3
"525",2050,"RF",0.7903613,0.6598091,38,0.478077,0.7993775,72,0.3122843,0.63421915,1334,2,2,2,0,6
"526",2052,"RF",0.4831403,0.8209556,50,0.7123325,0.3154087,75,-0.2291922,0.5977364,1386,2,2,0,0,2
"527",2053,"ASF",0.8193525,0,136,0.4439118,0.1534652,102,0.3754407,0.63163215,1335,2,3,3,1,9
"528",2056,"ASF",0.7697812,0.07994764,135,0.7696868,0,111,9.440000000005e-05,0.769734,2713,2,3,2,1,9
"529",2057,"ASF",0.6020186,0.1245289,109,0.4950399,0.4177124,140,0.1069787,0.54852925,1658,2,3,3,1,7
"530",2061,"OD",1,0.0693664749628202,134,1,0.022634151960464,136,0,1,2054,2,2,3,0,6
"531",2062,"ASF",0.4457676,0.5541586,100,0.6008774,0.5146758,167,-0.1551098,0.5233225,2559,2,3,2,0,4
"532",2064,"RF",0.5239796,0.1957113,34,0.7566286,0.5500389,58,-0.232649,0.6403041,1162,2,0,0,0,2
"533",2065,"ASF",0.1069168,0,63,0.6228467,0.4641485,41,-0.5159299,0.36488175,1458,2,3,2,1,8
"534",2066,"ASF",0.9695948,0.2666534,102,0.9588592,0.3665673,129,0.0107356,0.964227,1339,2,3,3,1,10
"535",2067,"RF",0.3449062,0.2715496,88,0.5761587,0.1974967,72,-0.2312525,0.46053245,1345,2,3,3,0,8
"536",2068,"RF",0.9174007,0.8933762,344,0.6471786,0.6893215,271,0.2702221,0.78228965,2655,2,2,2,1,7
"537",2069,"OD",0.728670022613078,0.257293034069777,295,0.60280167199602,0.270546850310373,128,0.125868350617058,0.665735847304549,1504,2,2,3,0,8
"538",2070,"ASF",0.6981124,0.5469493,81,0.9233041,0.6309075,39,-0.2251917,0.81070825,1104,2,2,2,0,7
"539",2071,"RF",0.8742614,1,180,0.5644253,0.2988027,118,0.3098361,0.71934335,2551,2,3,3,0,4
"540",2073,"ASF",0.5051066,0.578279,66,0.6639805,0.7099764,159,-0.1588739,0.58454355,2670,2,2,2,0,7
"541",2078,"ASF",0.6120058,0.1936683,142,0.3099636,0.1266865,370,0.3020422,0.4609847,4342,2,3,3,1,3
"542",2081,"OD",0.456353887160412,0.340925551594923,44,0.780875246715471,0.754723117922736,101,-0.324521359555059,0.618614566937941,1787,2,2,2,0,5
"543",2082,"ASF",0.9290895,0.04968745,103,1,0.02099259,154,-0.0709105,0.96454475,1891,2,2,3,1,6
"544",2083,"RF",0.8620681,0.05648139,129,1,0.5624043,78,-0.1379319,0.93103405,2177,2,2,3,1,8
"545",2084,"ASF",0.8572384,0.5607601,88,1,0.5541496,121,-0.1427616,0.9286192,1581,2,3,3,1,8
"546",2085,"OD",0.983143684984322,0.320382809612481,219,0.604318424056294,0,270,0.378825260928027,0.793731054520308,2045,2,2,3,0,7
"547",2087,"ASF",1,0.1915331,189,1,0.1250378,207,0,1,2242,1,2,3,1,7
"548",2090,"RF",0.8355987,0.5725638,124,0.4989822,0.7599798,103,0.3366165,0.66729045,2881,2,2,3,1,4
"549",2093,"RF",0.4820884,0.2613491,217,0.7481166,0.4520841,154,-0.2660282,0.6151025,2590,2,2,3,0,6
"550",2094,"ASF",0.9942819,0.2225487,395,0.3436996,0,330,0.6505823,0.66899075,3732,2,3,3,1,6
"552",2097,"OD",0.540237770417745,0.805367179956873,131,0.433233911246441,0.240289287958009,247,0.107003859171305,0.486735840832093,3201,2,2,0,0,5
"553",2098,"ASF",0.6126294,0.7154273,34,0.5671108,0.3942053,99,0.0455186,0.5898701,2387,2,2,1,1,6
"554",2099,"RF",0.870927,0.6936306,78,0.810793,0.4511468,96,0.060134,0.84086,1939,2,2,2,1,6
"555",2100,"ASF",0.5605703,0.8170244,177,0.4477772,0.5251427,696,0.1127931,0.50417375,4220,2,3,2,1,6
"556",2102,"ASF",0.4572276,0.2038027,200,0.6037836,0,203,-0.146556,0.5305056,2211,2,2,2,1,7
"557",2103,"RF",0.594579,0.6333506,159,0.7036579,0.6256511,170,-0.1090789,0.64911845,1648,1,2,2,0,3
"558",2104,"OD",0.674689200701634,0.955789098185431,90,0.455201963037821,0,334,0.219487237663813,0.564945581869728,3444,2,2,2,0,4
"559",2105,"OD",0.901873278319691,0.081842184661791,90,0.87250027753043,0.18910320630702,207,0.0293730007892605,0.887186777925061,1686,2,2,2,0,1
"560",2110,"ASF",0.5352377,0.5213726,77,0.5762189,0.4967341,125,-0.0409811999999999,0.5557283,1840,2,2,3,0,6
"561",2111,"ASF",0.8272435,0.4128859,220,0.5711304,0.8000216,44,0.2561131,0.69918695,1806,2,3,3,0,6
"562",2112,"OD",0.42160693044214,1,166,0.812191535996303,0.829130981580192,112,-0.390584605554163,0.616899233219221,2707,2,2,3,0,3
"563",2113,"OD",0.674141335345644,0.0178171054977854,194,0.849964926984611,0.186369482239923,106,-0.175823591638967,0.762053131165128,2102,2,2,2,0,5
"564",2115,"ASF",0.5214689,0.08462702,41,0.274783,0.2762964,106,0.2466859,0.39812595,2238,2,2,3,1,9
"567",2120,"RF",0.7671801,0.8048912,60,0.8054525,0.1198457,171,-0.0382724,0.7863163,1477,2,2,2,1,7
"568",2121,"ASF",0.1631265,0.3661274,173,1,0.4820527,145,-0.8368735,0.58156325,2075,2,2,3,0,8
"569",2124,"RF",0.9113206,0.1697235,623,1,0.3442566,408,-0.0886794,0.9556603,2687,2,2,2,0,7
"570",2125,"ASF",1,0.7754248,117,0.5158536,0.4265883,96,0.4841464,0.7579268,1777,2,2,3,1,6
"571",2126,"OD",0.657714530334063,0.17395813068808,250,0.873689461939749,0.335416986288032,544,-0.215974931605686,0.765701996136906,2711,2,2,2,0,5
"572",2127,"ASF",0.7227651,0.3215121,162,0.9135225,0.4258569,88,-0.1907574,0.8181438,1581,2,2,3,1,7
"573",2128,"RF",0.757509,0.2374402,176,0.6397459,0.519107,55,0.1177631,0.69862745,1216,2,2,2,0,7
